"Check","Evidence","Status"
"Order room exists before run","ORDER_ROOM_TRUE_ORDER_20260524.md","PASS"
"Wording learning gate exists","GATE_WORDING_LEARNING_ROOM_20260524.md and DWG-002","PASS"
"Recursion gate exists and is ordered before pass-forward","DWG-003 before DWG-004","PASS"
"No-consolidator waves ran before consolidator","NO_CONSOLIDATOR_WAVE_CONTRIBUTIONS_5X.csv excludes R600","PASS"
"Every gate contributes two cents only","50915 contribution rows","PASS"
"Consolidator crunches ideas after evidence","CONSOLIDATOR_IDEA_CRUNCH_WAVE_01.csv","PASS"
"Gate crunch produces defined gates","DEFINED_GATE_CRUNCH_WAVE_02.csv","PASS"
"No active doctrine rewrite","support-only artifacts in HOUSE_WORK","PASS_WITH_GUARDRAILS"
"Local then Git save requested","final save gate and user request","READY"
