"ConsolidatorWave","Topic","InputContributions","Crunch","Output","Status"
"1","wording-learning","16735","Repeated two-cent notes for wording-learning became one idea cluster.","GATE_WORDING_LEARNING_GATE","IDEA_CLUSTER_READY_FOR_GATE_CRUNCH"
"1","proof","8980","Repeated two-cent notes for proof became one idea cluster.","PROOF_TOUCH_GATE","IDEA_CLUSTER_READY_FOR_GATE_CRUNCH"
"1","recursion","7910","Repeated two-cent notes for recursion became one idea cluster.","RECURSION_POSITION_AND_RETURN_GATE","IDEA_CLUSTER_READY_FOR_GATE_CRUNCH"
"1","order","6460","Repeated two-cent notes for order became one idea cluster.","ORDER_ROOM_TRUE_ORDER_GATE","IDEA_CLUSTER_READY_FOR_GATE_CRUNCH"
"1","source-custody","6285","Repeated two-cent notes for source-custody became one idea cluster.","SOURCE_FAMILY_WEIGHT_GATE","IDEA_CLUSTER_READY_FOR_GATE_CRUNCH"
"1","parking","3585","Repeated two-cent notes for parking became one idea cluster.","PARKING_RETURN_TRIGGER_GATE","IDEA_CLUSTER_READY_FOR_GATE_CRUNCH"
"1","awareness-alarm","795","Repeated two-cent notes for awareness-alarm became one idea cluster.","AWARENESS_ALARM_OBJECT_CLUSTER_GATE","IDEA_CLUSTER_READY_FOR_GATE_CRUNCH"
"1","risk-boundary","90","Repeated two-cent notes for risk-boundary became one idea cluster.","DIRTY_IMPORT_BOUNDARY_GATE","IDEA_CLUSTER_READY_FOR_GATE_CRUNCH"
"1","save-boundary","70","Repeated two-cent notes for save-boundary became one idea cluster.","LOCAL_AND_GIT_SAVE_AFTER_VERIFY_GATE","IDEA_CLUSTER_READY_FOR_GATE_CRUNCH"
"1","gate-birth","5","Repeated two-cent notes for gate-birth became one idea cluster.","DEFINED_GATE_BIRTH_CRUNCH_GATE","IDEA_CLUSTER_READY_FOR_GATE_CRUNCH"
