47b9b3f	2026-05-23 13:26:50 -0400	Build clean merged seed workspace
ab6656f	2026-05-23 03:19:04 -0400	Save Next Spin Sequencer gate scaffolds
45854ad	2026-05-23 03:04:59 -0400	Save Cube final ideas resident parking boundary
283dae0	2026-05-23 02:57:40 -0400	Save Alpha Omega hindsight order
bca04d3	2026-05-23 02:54:51 -0400	Save guest boundary gate set and mule review
81e006d	2026-05-23 02:34:33 -0400	Save 17-route sequential learning walk process
c65db2b	2026-05-23 02:10:24 -0400	Repair creative gate wildcard emergence logic
7f5157b	2026-05-23 02:04:00 -0400	Add creative gate neighbor order
94fc762	2026-05-23 01:59:23 -0400	Lock Creative Room large-model router rule
3e956ad	2026-05-23 01:48:25 -0400	Add public Metatron park map note
5ec4fa3	2026-05-23 01:45:53 -0400	Remove bridge extraction readback from public notes
088571b	2026-05-23 01:44:37 -0400	Add mule git 123 bridge sync run readback
22ba43e	2026-05-22 19:56:28 -0400	Add smoke break focus reset rule
f8534ac	2026-05-22 19:36:30 -0400	Add stop issue option weigh gate
8d8787d	2026-05-22 19:18:44 -0400	Add same-shape direction feel rule
dc53fe6	2026-05-22 16:58:58 -0400	Repair desktop drop version naming
f8c0273	2026-05-22 16:56:13 -0400	Add multi-rule compatibility apply gate
474d4c8	2026-05-22 16:52:42 -0400	Add desktop drop version naming rule
a4d4e8a	2026-05-22 16:48:31 -0400	Add switching gears smoke break house walk rule
b50e1d7	2026-05-22 16:44:57 -0400	Add no parking fit decision and save location rules
d08a907	2026-05-22 16:40:28 -0400	Add save location default local and URL rule
9318c0b	2026-05-22 16:37:25 -0400	Add porch drop event package intake rule
ea73787	2026-05-22 16:22:13 -0400	Add porch move not copy housekeeping rule
16b344d	2026-05-22 16:21:42 -0400	Add porch move not copy housekeeping rule
510e1ba	2026-05-22 16:12:35 -0400	Add final judge gate alpha omega role rule
0489d77	2026-05-22 16:05:17 -0400	Add chat cockpit drop copy export protocol
e13ce1e	2026-05-22 16:00:59 -0400	Add dual project chat cockpit capture rule
b5544c7	2026-05-22 15:18:01 -0400	Add source vein throne boundary rule
e422e87	2026-05-22 15:03:04 -0400	Add growth safe gate judge role rules
5bfc850	2026-05-22 14:50:36 -0400	Save Feynman source ore research map
2979f7d	2026-05-22 14:23:45 -0400	Add jumping spider brain source intake
176dd0c	2026-05-22 14:12:33 -0400	Add PowerShell delivery no long tall boxes rule
330831d	2026-05-22 14:10:37 -0400	Add 6LP mechanism before myth linked pair
642aa2b	2026-05-22 14:08:49 -0400	Add founding original clean translation pair rule
4c5d263	2026-05-22 14:00:16 -0400	Add rule fit and clean bloat behavior fix
9f20ee8	2026-05-22 13:55:11 -0400	Save four source reviewed source ore map
e44eb5b	2026-05-22 13:38:57 -0400	Add biology perception source intake
52f6fad	2026-05-22 13:36:40 -0400	Add communication syntax source intake
ebf4268	2026-05-22 13:33:32 -0400	Gather YouTube structured awareness and odd source intake
44bf503	2026-05-22 13:25:05 -0400	Save brain disease systems research source ore
ee6322e	2026-05-22 13:07:12 -0400	Save source safe work order reframe rules
1705c15	2026-05-22 05:27:52 -0400	Add scope form alarm growth route checkpoint
17e27ef	2026-05-22 05:25:40 -0400	Add build form conceptual same treatment
0dcc8b4	2026-05-22 05:21:18 -0400	Repair project scope rule placement
45fb1a8	2026-05-22 05:14:38 -0400	Add alarm debugger whole group batch map
2db751f	2026-05-22 05:09:52 -0400	Add tool script copy safety repair target
7c8e0a1	2026-05-22 05:06:35 -0400	Add rule quality alarm repair target
2ccee62	2026-05-22 05:04:06 -0400	Target source lane artifact alarms
446689f	2026-05-22 05:01:31 -0400	Save alarm debugger filing cabinet inventory
85bd89c	2026-05-22 04:53:33 -0400	Add full mule filing save revision linking method
f62bd3d	2026-05-22 03:52:44 -0400	Add clean seed build noise boundary
29e9262	2026-05-22 03:50:10 -0400	Capture broad growth rule package
1788d74	2026-05-22 03:35:19 -0400	Test three-boss soft suit live use
63dc958	2026-05-22 03:31:03 -0400	Intake full suit mule disposition return
6c18c49	2026-05-22 03:15:47 -0400	Record full suit combined load test
b643057	2026-05-22 03:01:34 -0400	Intake 123 non-git source batch
3586013	2026-05-21 18:09:56 -0400	Park V2F WAI and Codex CLI seed proof
89a635d	2026-05-21 17:15:37 -0400	Save Remote Door V2F readback proof
eaeb68b	2026-05-21 16:22:04 -0400	Save Remote Door V2E print proof
b7de646	2026-05-21 14:16:40 -0400	Save remote door relay v2 async repair
fc21912	2026-05-21 13:59:00 -0400	Save remote door relay v2 proof
5cd4a6e	2026-05-21 13:29:18 -0400	Lock assistant door relay proof
a678af1	2026-05-21 05:19:27 -0400	Lock bounded level3 final receipt proof
a87fd9d	2026-05-21 05:14:50 -0400	Lock bounded level3 bridge completion
ebb6d73	2026-05-21 04:58:37 -0400	Lock post-level2 progress and stale updates
e9c9bf1	2026-05-21 04:49:29 -0400	Lock level2 approved helper route
7d04299	2026-05-21 04:20:28 -0400	Lock watcher liveness durability
c3d2e9d	2026-05-21 04:14:34 -0400	Lock no-script child shell drop proof
1830e30	2026-05-21 03:57:05 -0400	Lock child shell watcher and problem solver gates
b98a3e8	2026-05-21 03:26:00 -0400	Add data order ouroboros ledger
c7a922c	2026-05-21 03:00:04 -0400	Add rule bloom stack capture
e3acd2d	2026-05-21 02:55:34 -0400	Finalize broad bite rule machine receipt
55add16	2026-05-21 02:55:31 -0400	Add broad bite rule machine
14298c1	2026-05-21 01:30:44 -0400	Add child shell recursive core review packet
3246f10	2026-05-21 00:21:57 -0400	Record child shell actuator live test
bde77ea	2026-05-21 00:02:35 -0400	Add front door and work sorting rules
81e2e65	2026-05-20 23:30:02 -0400	Add assistant mule exchange bridge
44d0202	2026-05-20 23:21:53 -0400	Intake HNS and common sense mule returns
fbfdba8	2026-05-20 20:52:51 -0400	Add 123 storage and HNS mule handoff
07bcc2d	2026-05-20 20:21:52 -0400	Add desktop helper cleanup rule
11bf30e	2026-05-20 20:17:00 -0400	Save valence torus source pattern
4893da1	2026-05-20 17:44:10 -0400	Record growth substrate pilot record
95301e6	2026-05-20 17:28:02 -0400	Disposition growth substrate return simply
13d427b	2026-05-20 16:57:24 -0400	Intake growth substrate returns
f63e5e4	2026-05-20 10:02:16 -0400	Tie up MTER house walk source packet
31f2ea4	2026-05-20 09:24:49 -0400	Record no rule king better fit proof
f0b9b5d	2026-05-20 09:18:07 -0400	Record RCE full report gate first use
c0252f8	2026-05-20 08:18:22 -0400	Import Whirlpool run soft loadout
6b9336b	2026-05-20 07:25:11 -0400	Demote stale TODO current headings
392208c	2026-05-20 07:09:01 -0400	Disposition big overall mule return
381c2ee	2026-05-20 06:55:57 -0400	Record relevant selector varied live use
d872fd0	2026-05-20 06:51:46 -0400	Record RCE report gate partial live use
867eb4a	2026-05-20 06:17:04 -0400	Record rule firing card first live use
0cdae63	2026-05-20 06:12:04 -0400	Add habit pattern transfer lens
e672c2a	2026-05-20 06:06:19 -0400	Add rule firing confirmation gate
21ee27e	2026-05-20 05:53:07 -0400	Lock correction cleanup suit first order
bf71e4a	2026-05-20 05:43:17 -0400	Recover mule return known path import
fe54dae	2026-05-20 05:36:18 -0400	Lock discussion learning and relation map
e9bc566	2026-05-20 05:07:06 -0400	Record root selector first live use
7a9e864	2026-05-20 05:00:21 -0400	Add relevant root key tool selector
e7212b2	2026-05-20 04:55:07 -0400	Clarify no rule king better fit promotion
81804ff	2026-05-20 04:47:19 -0400	Unload proven suits tools and ideas
e58584f	2026-05-20 04:39:37 -0400	Record artifact self check second use
cf98cba	2026-05-20 04:35:09 -0400	Map boss ghost TODO and fix script delivery
57b58e6	2026-05-20 04:19:24 -0400	Lock handoff safe save method
b7289e2	2026-05-20 04:08:32 -0400	Add PowerShell delivery lint guard
324cde2	2026-05-20 03:58:39 -0400	Fix TODO weakest link selection
ceb9a16	2026-05-20 03:44:31 -0400	Fix TODO first work control
a75fd7c	2026-05-20 03:33:56 -0400	Save code cabinet source note self proof
f67327b	2026-05-20 03:18:47 -0400	Record compose review self proof trigger
b3b60e7	2026-05-20 03:13:23 -0400	Record compose review first live use
28daff6	2026-05-20 03:05:55 -0400	Add compose review reflect capture rule
ef66d12	2026-05-20 03:00:22 -0400	Unload growth cycle review and mark soft suit event
7fa45ad	2026-05-20 02:47:17 -0400	Park trigger code and add long code rules
65ccecc	2026-05-20 02:34:24 -0400	Intake growth cycle mule review return
2e2dfdc	2026-05-20 02:18:24 -0400	Adopt whole house mule return as soft suit
1b0e182	2026-05-20 02:13:56 -0400	Intake whole house double pass mule return
0776f59	2026-05-20 01:08:34 -0400	Home filing cabinet and relation method
82f4e1d	2026-05-20 00:47:40 -0400	Save after-fix carryover latch
4e0b434	2026-05-20 00:43:08 -0400	Intake recurring non recursive mule return
50c248d	2026-05-19 23:37:05 -0400	Add living root words refinement
8c124d7	2026-05-19 23:33:41 -0400	Close rule activation parent boss with watch
c462b18	2026-05-19 23:30:56 -0400	Add packet top block read order rule
2c1b14a	2026-05-19 23:28:23 -0400	Clarify queue active inertia wording
888984d	2026-05-19 23:25:24 -0400	Add mule short kickoff start card rule
dc320c8	2026-05-19 23:22:23 -0400	Add PowerShell paste false success guard
9ff1e20	2026-05-19 23:19:09 -0400	Lock control state boss ghost cycle flow
460ccd4	2026-05-19 22:56:37 -0400	Save deep revised walk mule reference
22c25de	2026-05-19 22:37:21 -0400	Add mule workshop receipt hygiene note
22152a9	2026-05-19 22:34:29 -0400	Intake mule file review return
c03ec16	2026-05-19 22:00:51 -0400	Place active mule workshop packet
40bf39c	2026-05-19 21:56:53 -0400	Complete mule workshop desk install
b28732f	2026-05-19 21:55:02 -0400	Install mule workshop desk
2f773c7	2026-05-19 21:14:36 -0400	Add task scoped rule search and file first lock
1a63c4e	2026-05-19 20:39:34 -0400	Lock mule role and better fit rules
56c2eb3	2026-05-19 20:23:17 -0400	Finalize predictive learning mule return
e5e9dce	2026-05-19 20:15:44 -0400	Refresh whole house review handoff state
4c0f29f	2026-05-19 20:11:06 -0400	Sync anchor after soft suit test
3854a3b	2026-05-19 20:06:38 -0400	Test prior mistake retrieval soft suit
f177584	2026-05-19 20:04:56 -0400	Add prior mistake retrieval soft suit candidate
2ade133	2026-05-19 20:01:05 -0400	Classify predictive learning mule return
2036d05	2026-05-19 19:58:50 -0400	Intake predictive learning mule return
9fb81c7	2026-05-19 19:06:20 -0400	Sync predictive handoff base before send
73c1b1d	2026-05-19 19:01:42 -0400	Add assistant prework deep search contract
68c0e95	2026-05-19 18:47:50 -0400	Strengthen predictive learning mule handoff
7dee5d5	2026-05-19 18:41:57 -0400	Capture predictive learning and mule flow critique
12de5c8	2026-05-19 18:30:24 -0400	Add dump folder contract to outside review handoff
1008786	2026-05-19 18:26:25 -0400	Create whole house outside review handoff
74848c3	2026-05-19 18:22:22 -0400	Activate whole house review handoff boss
9af3ab9	2026-05-19 18:20:11 -0400	Sync queue after mule custody closeout
56fb238	2026-05-19 18:17:55 -0400	Close mule leftover custody lane
46dde67	2026-05-19 18:03:06 -0400	Review checker candidate promotion criteria
46fd351	2026-05-19 17:56:40 -0400	Close checker candidate batch
5183c34	2026-05-19 17:54:56 -0400	Record all checkers runner pass
60750fe	2026-05-19 17:52:09 -0400	Upgrade fast safe checker batch runner
c6531f2	2026-05-19 17:50:04 -0400	Record fast safe batch runner pass
3a2d4e1	2026-05-19 17:47:57 -0400	Force add fast safe checker batch runner
fb57a02	2026-05-19 17:47:11 -0400	Install fast safe checker batch runner
bd4b122	2026-05-19 17:45:01 -0400	Record fast safe checker batch pass
e0d5ff2	2026-05-19 17:37:49 -0400	Repair fresh public entry checker expectations
6652eeb	2026-05-19 17:32:44 -0400	Repair duplicate guide surface sync checker expectations
4bdd895	2026-05-19 17:26:14 -0400	Record public format word keys checker pass
f2bd95a	2026-05-19 17:23:35 -0400	Repair public format word keys backtick needle
84640d5	2026-05-19 17:21:34 -0400	Repair public format word keys checker expectations
274220f	2026-05-19 17:16:19 -0400	Record collision watch checker pass
7cf2551	2026-05-19 17:13:26 -0400	Repair public house map checker expectations
74659d1	2026-05-19 17:03:28 -0400	Resolve checker collision wording
05b221a	2026-05-19 16:55:18 -0400	Add batch safe bin trial suit rule
3cab2bd	2026-05-19 16:41:16 -0400	Review checker candidate labels
3518339	2026-05-19 16:20:24 -0400	Move ignored files into parking and inspect tools
51f415d	2026-05-19 11:01:19 -0400	Refresh active anchor for whirlpool follow-through
ff30400	2026-05-19 10:58:00 -0400	Inspect and repair PowerShell tool candidates
2ff2b8a	2026-05-19 10:46:31 -0400	Repair queue and idea capture flow
d1ee312	2026-05-19 10:25:21 -0400	Intake MULE_REPORT into incoming parking
68f1b4a	2026-05-19 10:11:15 -0400	Add PowerShell output gap rule
fb7fad0	2026-05-19 10:06:50 -0400	Add current work queue loss prevention board
d27eeef	2026-05-19 10:01:49 -0400	Add adapt adopt critique learning gate
14c762b	2026-05-19 09:49:37 -0400	Add incoming file parking lanes
a690faa	2026-05-19 09:31:27 -0400	Lock brain wording and guard fail stop card
2f7851a	2026-05-19 09:22:22 -0400	Lock awareness across the board progress
e21d1bf	2026-05-19 07:34:07 -0400	Repair no-timer daily digest gate
34bccd9	2026-05-19 07:29:26 -0400	Add no-timer daily house digest gate
82b493d	2026-05-19 07:14:10 -0400	Test house-wide fog alarm behavior
ce749d4	2026-05-19 07:12:16 -0400	Capture house-wide fog alarm candidate
38ac6a4	2026-05-19 07:09:08 -0400	Review provenance lens replacement decision
52ed010	2026-05-19 07:07:10 -0400	Test provenance lens narrow revision
8612907	2026-05-19 07:05:11 -0400	Add provenance lens narrow revision candidate
1f2157f	2026-05-19 07:03:27 -0400	Test provenance lens on broken chain
5b14774	2026-05-19 06:55:00 -0400	Intake provenance mule report
1d436c4	2026-05-19 06:14:01 -0400	Add provenance mule return intake dock
1cdee0c	2026-05-19 06:10:12 -0400	Upgrade provenance lens mule handoff
5d7607e	2026-05-19 05:55:21 -0400	Add external issue clean lane boundary
4b8407c	2026-05-19 05:39:26 -0400	Test provenance lens on source ore chain
3b81b11	2026-05-19 05:36:30 -0400	Review provenance lens after two uses
066bb38	2026-05-19 05:34:36 -0400	Test provenance lens on behavior rule
62c6257	2026-05-19 05:32:30 -0400	Add provenance chain lens soft suit
907125b	2026-05-19 05:28:59 -0400	Sort bitstring second pass candidates
834c5cb	2026-05-19 05:24:58 -0400	Review compression burden after two uses
f800c6f	2026-05-19 05:20:30 -0400	Test compression burden on issue bench
5a6f402	2026-05-19 05:18:33 -0400	Test compression burden on growth log
c09b507	2026-05-19 05:15:11 -0400	Add compression burden soft suit card
34d8043	2026-05-19 05:13:30 -0400	Add compression burden soft suit card
117b9bd	2026-05-19 05:06:45 -0400	Add gear up issue intake gate
3dddc98	2026-05-19 04:46:24 -0400	Add aha signal calibration rule
fbeb54b	2026-05-19 04:29:38 -0400	Test gear rack load gate
03cf81f	2026-05-19 04:27:42 -0400	Add gear rack and load safety rules
a37c9de	2026-05-19 04:27:37 -0400	Add gear rack and load safety rules
1a5d955	2026-05-19 03:57:46 -0400	Add daily growth log living idea
1d25451	2026-05-19 03:44:54 -0400	Add clean salvage source ore rule
56d4799	2026-05-19 03:21:40 -0400	Intake bitstring abyss second pass source ore
af5bbb0	2026-05-19 02:41:54 -0400	Add assistant originated pattern use rule
1b99eca	2026-05-19 02:31:48 -0400	Add bitstring abyss mule handoff
b879afa	2026-05-19 02:21:40 -0400	Clean raw idea flow duplicate run
9ea7e8a	2026-05-19 02:17:44 -0400	Add raw idea flow response shape rule
8220677	2026-05-19 02:17:41 -0400	Add raw idea flow response shape rule
d67e84d	2026-05-19 01:41:30 -0400	Add complexity bitstring emotion source ore
d5ed6d4	2026-05-19 01:20:14 -0400	Save post Suno source ore deep scan
ff66b28	2026-05-19 01:16:50 -0400	Capture Suno crown thread candidate
0502a51	2026-05-19 00:37:18 -0400	Capture assistant character journal name growth
af8bf5a	2026-05-19 00:18:32 -0400	Add anti fake stuff stewardship flag
60169f0	2026-05-19 00:00:59 -0400	Add Dreamforger Suno source ore intake
0f4ae31	2026-05-18 23:30:19 -0400	Add intake alarm gate
307eaeb	2026-05-18 22:52:38 -0400	Add creative autonomy lab candidate
7106c79	2026-05-18 22:46:09 -0400	Add handy idea bag package
61dc4aa	2026-05-18 21:39:35 -0400	Add assistant autonomy blade path parent boss
f48d893	2026-05-18 21:37:23 -0400	Add autonomy and fog word capture bag
3af04da	2026-05-18 20:30:53 -0400	Add first contact mess test template
fc0866d	2026-05-18 20:23:51 -0400	Add post observer rule deep scan
a8239ec	2026-05-18 20:07:15 -0400	Add uncontaminated observer first contact test
4d545c8	2026-05-18 19:44:40 -0400	Add next move certainty audit
d4d9ebd	2026-05-18 19:40:44 -0400	Add next move evaluation and assistant home authority
9a52f3d	2026-05-18 19:24:44 -0400	Add lifecycle transition table with sync
4a1d09d	2026-05-18 19:21:54 -0400	Add context weight and abundance placement rules
e048d97	2026-05-18 19:14:22 -0400	Checkpoint Main Boss 02 post sync gate deep scan
ebf7066	2026-05-18 19:06:37 -0400	Add lifecycle state change sync gate
57e4a02	2026-05-18 19:03:56 -0400	Add discovery capture interrupt rule
a2f1947	2026-05-18 18:51:13 -0400	Checkpoint Main Boss 02 lifecycle deep scan
270a728	2026-05-18 18:47:37 -0400	Refresh anchor after Work Shed front shelf review
4fd7972	2026-05-18 18:45:12 -0400	Review Work Shed front shelf
afbd82c	2026-05-18 18:42:53 -0400	Refresh anchor after split proof save flow rule
eea120b	2026-05-18 18:36:47 -0400	Add split proof save flow rule
88e001c	2026-05-18 18:35:03 -0400	Clarify Work Shed stop tool anchor history
4f8fc2a	2026-05-18 18:32:41 -0400	Refresh anchor after Work Shed live use and stop tool rule
aa5cb0b	2026-05-18 18:32:34 -0400	Refresh anchor after Work Shed live use and stop tool rule
a387733	2026-05-18 18:31:18 -0400	Add stop and tool bookmark rule
7a673d6	2026-05-18 18:26:19 -0400	Run Work Shed live use 001
877f4ef	2026-05-18 18:25:24 -0400	Refresh anchor after Work Shed operating index repair
3ef3a50	2026-05-18 18:24:19 -0400	Repair Work Shed operating index proof
aa4f432	2026-05-18 18:23:05 -0400	Add Work Shed operating index
69f259f	2026-05-18 18:21:38 -0400	Clarify Work Shed anchor refresh history
