45854ad	2026-05-23 03:04:59 -0400	Save Cube final ideas resident parking boundary
bca04d3	2026-05-23 02:54:51 -0400	Save guest boundary gate set and mule review
94fc762	2026-05-23 01:59:23 -0400	Lock Creative Room large-model router rule
088571b	2026-05-23 01:44:37 -0400	Add mule git 123 bridge sync run readback
22ba43e	2026-05-22 19:56:28 -0400	Add smoke break focus reset rule
8d8787d	2026-05-22 19:18:44 -0400	Add same-shape direction feel rule
f8c0273	2026-05-22 16:56:13 -0400	Add multi-rule compatibility apply gate
474d4c8	2026-05-22 16:52:42 -0400	Add desktop drop version naming rule
a4d4e8a	2026-05-22 16:48:31 -0400	Add switching gears smoke break house walk rule
b50e1d7	2026-05-22 16:44:57 -0400	Add no parking fit decision and save location rules
d08a907	2026-05-22 16:40:28 -0400	Add save location default local and URL rule
9318c0b	2026-05-22 16:37:25 -0400	Add porch drop event package intake rule
ea73787	2026-05-22 16:22:13 -0400	Add porch move not copy housekeeping rule
16b344d	2026-05-22 16:21:42 -0400	Add porch move not copy housekeeping rule
510e1ba	2026-05-22 16:12:35 -0400	Add final judge gate alpha omega role rule
e13ce1e	2026-05-22 16:00:59 -0400	Add dual project chat cockpit capture rule
b5544c7	2026-05-22 15:18:01 -0400	Add source vein throne boundary rule
e422e87	2026-05-22 15:03:04 -0400	Add growth safe gate judge role rules
5bfc850	2026-05-22 14:50:36 -0400	Save Feynman source ore research map
2979f7d	2026-05-22 14:23:45 -0400	Add jumping spider brain source intake
176dd0c	2026-05-22 14:12:33 -0400	Add PowerShell delivery no long tall boxes rule
642aa2b	2026-05-22 14:08:49 -0400	Add founding original clean translation pair rule
4c5d263	2026-05-22 14:00:16 -0400	Add rule fit and clean bloat behavior fix
9f20ee8	2026-05-22 13:55:11 -0400	Save four source reviewed source ore map
e44eb5b	2026-05-22 13:38:57 -0400	Add biology perception source intake
52f6fad	2026-05-22 13:36:40 -0400	Add communication syntax source intake
ebf4268	2026-05-22 13:33:32 -0400	Gather YouTube structured awareness and odd source intake
44bf503	2026-05-22 13:25:05 -0400	Save brain disease systems research source ore
ee6322e	2026-05-22 13:07:12 -0400	Save source safe work order reframe rules
0dcc8b4	2026-05-22 05:21:18 -0400	Repair project scope rule placement
7c8e0a1	2026-05-22 05:06:35 -0400	Add rule quality alarm repair target
2ccee62	2026-05-22 05:04:06 -0400	Target source lane artifact alarms
85bd89c	2026-05-22 04:53:33 -0400	Add full mule filing save revision linking method
29e9262	2026-05-22 03:50:10 -0400	Capture broad growth rule package
1788d74	2026-05-22 03:35:19 -0400	Test three-boss soft suit live use
63dc958	2026-05-22 03:31:03 -0400	Intake full suit mule disposition return
b643057	2026-05-22 03:01:34 -0400	Intake 123 non-git source batch
3586013	2026-05-21 18:09:56 -0400	Park V2F WAI and Codex CLI seed proof
89a635d	2026-05-21 17:15:37 -0400	Save Remote Door V2F readback proof
eaeb68b	2026-05-21 16:22:04 -0400	Save Remote Door V2E print proof
fc21912	2026-05-21 13:59:00 -0400	Save remote door relay v2 proof
5cd4a6e	2026-05-21 13:29:18 -0400	Lock assistant door relay proof
a678af1	2026-05-21 05:19:27 -0400	Lock bounded level3 final receipt proof
c3d2e9d	2026-05-21 04:14:34 -0400	Lock no-script child shell drop proof
c7a922c	2026-05-21 03:00:04 -0400	Add rule bloom stack capture
e3acd2d	2026-05-21 02:55:34 -0400	Finalize broad bite rule machine receipt
55add16	2026-05-21 02:55:31 -0400	Add broad bite rule machine
14298c1	2026-05-21 01:30:44 -0400	Add child shell recursive core review packet
bde77ea	2026-05-21 00:02:35 -0400	Add front door and work sorting rules
81e2e65	2026-05-20 23:30:02 -0400	Add assistant mule exchange bridge
44d0202	2026-05-20 23:21:53 -0400	Intake HNS and common sense mule returns
fbfdba8	2026-05-20 20:52:51 -0400	Add 123 storage and HNS mule handoff
07bcc2d	2026-05-20 20:21:52 -0400	Add desktop helper cleanup rule
11bf30e	2026-05-20 20:17:00 -0400	Save valence torus source pattern
f63e5e4	2026-05-20 10:02:16 -0400	Tie up MTER house walk source packet
31f2ea4	2026-05-20 09:24:49 -0400	Record no rule king better fit proof
6b9336b	2026-05-20 07:25:11 -0400	Demote stale TODO current headings
392208c	2026-05-20 07:09:01 -0400	Disposition big overall mule return
867eb4a	2026-05-20 06:17:04 -0400	Record rule firing card first live use
e672c2a	2026-05-20 06:06:19 -0400	Add rule firing confirmation gate
bf71e4a	2026-05-20 05:43:17 -0400	Recover mule return known path import
e7212b2	2026-05-20 04:55:07 -0400	Clarify no rule king better fit promotion
cf98cba	2026-05-20 04:35:09 -0400	Map boss ghost TODO and fix script delivery
b7289e2	2026-05-20 04:08:32 -0400	Add PowerShell delivery lint guard
324cde2	2026-05-20 03:58:39 -0400	Fix TODO weakest link selection
ceb9a16	2026-05-20 03:44:31 -0400	Fix TODO first work control
a75fd7c	2026-05-20 03:33:56 -0400	Save code cabinet source note self proof
f67327b	2026-05-20 03:18:47 -0400	Record compose review self proof trigger
28daff6	2026-05-20 03:05:55 -0400	Add compose review reflect capture rule
7fa45ad	2026-05-20 02:47:17 -0400	Park trigger code and add long code rules
65ccecc	2026-05-20 02:34:24 -0400	Intake growth cycle mule review return
2e2dfdc	2026-05-20 02:18:24 -0400	Adopt whole house mule return as soft suit
1b0e182	2026-05-20 02:13:56 -0400	Intake whole house double pass mule return
0776f59	2026-05-20 01:08:34 -0400	Home filing cabinet and relation method
4e0b434	2026-05-20 00:43:08 -0400	Intake recurring non recursive mule return
8c124d7	2026-05-19 23:33:41 -0400	Close rule activation parent boss with watch
c462b18	2026-05-19 23:30:56 -0400	Add packet top block read order rule
888984d	2026-05-19 23:25:24 -0400	Add mule short kickoff start card rule
dc320c8	2026-05-19 23:22:23 -0400	Add PowerShell paste false success guard
9ff1e20	2026-05-19 23:19:09 -0400	Lock control state boss ghost cycle flow
460ccd4	2026-05-19 22:56:37 -0400	Save deep revised walk mule reference
22c25de	2026-05-19 22:37:21 -0400	Add mule workshop receipt hygiene note
22152a9	2026-05-19 22:34:29 -0400	Intake mule file review return
c03ec16	2026-05-19 22:00:51 -0400	Place active mule workshop packet
40bf39c	2026-05-19 21:56:53 -0400	Complete mule workshop desk install
b28732f	2026-05-19 21:55:02 -0400	Install mule workshop desk
2f773c7	2026-05-19 21:14:36 -0400	Add task scoped rule search and file first lock
1a63c4e	2026-05-19 20:39:34 -0400	Lock mule role and better fit rules
56c2eb3	2026-05-19 20:23:17 -0400	Finalize predictive learning mule return
4c0f29f	2026-05-19 20:11:06 -0400	Sync anchor after soft suit test
2ade133	2026-05-19 20:01:05 -0400	Classify predictive learning mule return
2036d05	2026-05-19 19:58:50 -0400	Intake predictive learning mule return
68c0e95	2026-05-19 18:47:50 -0400	Strengthen predictive learning mule handoff
7dee5d5	2026-05-19 18:41:57 -0400	Capture predictive learning and mule flow critique
74848c3	2026-05-19 18:22:22 -0400	Activate whole house review handoff boss
9af3ab9	2026-05-19 18:20:11 -0400	Sync queue after mule custody closeout
56fb238	2026-05-19 18:17:55 -0400	Close mule leftover custody lane
05b221a	2026-05-19 16:55:18 -0400	Add batch safe bin trial suit rule
3518339	2026-05-19 16:20:24 -0400	Move ignored files into parking and inspect tools
51f415d	2026-05-19 11:01:19 -0400	Refresh active anchor for whirlpool follow-through
ff30400	2026-05-19 10:58:00 -0400	Inspect and repair PowerShell tool candidates
d1ee312	2026-05-19 10:25:21 -0400	Intake MULE_REPORT into incoming parking
68f1b4a	2026-05-19 10:11:15 -0400	Add PowerShell output gap rule
14c762b	2026-05-19 09:49:37 -0400	Add incoming file parking lanes
5b14774	2026-05-19 06:55:00 -0400	Intake provenance mule report
1d436c4	2026-05-19 06:14:01 -0400	Add provenance mule return intake dock
1cdee0c	2026-05-19 06:10:12 -0400	Upgrade provenance lens mule handoff
4b8407c	2026-05-19 05:39:26 -0400	Test provenance lens on source ore chain
066bb38	2026-05-19 05:34:36 -0400	Test provenance lens on behavior rule
3dddc98	2026-05-19 04:46:24 -0400	Add aha signal calibration rule
03cf81f	2026-05-19 04:27:42 -0400	Add gear rack and load safety rules
a37c9de	2026-05-19 04:27:37 -0400	Add gear rack and load safety rules
1d25451	2026-05-19 03:44:54 -0400	Add clean salvage source ore rule
56d4799	2026-05-19 03:21:40 -0400	Intake bitstring abyss second pass source ore
af5bbb0	2026-05-19 02:41:54 -0400	Add assistant originated pattern use rule
1b99eca	2026-05-19 02:31:48 -0400	Add bitstring abyss mule handoff
9ea7e8a	2026-05-19 02:17:44 -0400	Add raw idea flow response shape rule
8220677	2026-05-19 02:17:41 -0400	Add raw idea flow response shape rule
d67e84d	2026-05-19 01:41:30 -0400	Add complexity bitstring emotion source ore
d5ed6d4	2026-05-19 01:20:14 -0400	Save post Suno source ore deep scan
60169f0	2026-05-19 00:00:59 -0400	Add Dreamforger Suno source ore intake
61dc4aa	2026-05-18 21:39:35 -0400	Add assistant autonomy blade path parent boss
fc0866d	2026-05-18 20:23:51 -0400	Add post observer rule deep scan
d4d9ebd	2026-05-18 19:40:44 -0400	Add next move evaluation and assistant home authority
4a1d09d	2026-05-18 19:21:54 -0400	Add context weight and abundance placement rules
e048d97	2026-05-18 19:14:22 -0400	Checkpoint Main Boss 02 post sync gate deep scan
57e4a02	2026-05-18 19:03:56 -0400	Add discovery capture interrupt rule
a2f1947	2026-05-18 18:51:13 -0400	Checkpoint Main Boss 02 lifecycle deep scan
270a728	2026-05-18 18:47:37 -0400	Refresh anchor after Work Shed front shelf review
afbd82c	2026-05-18 18:42:53 -0400	Refresh anchor after split proof save flow rule
eea120b	2026-05-18 18:36:47 -0400	Add split proof save flow rule
88e001c	2026-05-18 18:35:03 -0400	Clarify Work Shed stop tool anchor history
4f8fc2a	2026-05-18 18:32:41 -0400	Refresh anchor after Work Shed live use and stop tool rule
aa5cb0b	2026-05-18 18:32:34 -0400	Refresh anchor after Work Shed live use and stop tool rule
a387733	2026-05-18 18:31:18 -0400	Add stop and tool bookmark rule
877f4ef	2026-05-18 18:25:24 -0400	Refresh anchor after Work Shed operating index repair
3ef3a50	2026-05-18 18:24:19 -0400	Repair Work Shed operating index proof
69f259f	2026-05-18 18:21:38 -0400	Clarify Work Shed anchor refresh history
9b36d86	2026-05-18 18:20:34 -0400	Refresh anchor after Work Shed and self repair
0254ece	2026-05-18 18:18:42 -0400	Refresh anchor after Work Shed and self repair
2b4c265	2026-05-18 18:16:41 -0400	Add issue self repair and room redesign rule
2cff08d	2026-05-18 18:07:40 -0400	Add middle room soft trial and idea filing rules
b6a652b	2026-05-18 17:49:42 -0400	Add conditional weigh options before code rule
63753e3	2026-05-18 17:44:10 -0400	Split Desktop 123 source ore
259b8fc	2026-05-18 17:39:44 -0400	Refresh anchor current placement base
8c92111	2026-05-18 06:11:09 -0400	Capture Desktop 123 source ore
4aafade	2026-05-18 05:57:15 -0400	Finalize front door authority link proof
38d9cc2	2026-05-18 05:50:45 -0400	Supersede failed front door repair proof
566f57c	2026-05-18 05:48:04 -0400	Supersede failed front door repair proof
7eecba2	2026-05-18 05:40:04 -0400	Install TODO trace triage gate
9c50240	2026-05-18 05:21:52 -0400	Install TODO control board
716b2ab	2026-05-18 05:13:11 -0400	Add audit proof-state TODO
61cf8bb	2026-05-18 04:59:00 -0400	Install TODO room
a7bb815	2026-05-18 04:55:22 -0400	Add project-wide pattern transfer boss order
4766b9c	2026-05-18 04:52:04 -0400	Add rule application gate power play
efda78f	2026-05-18 04:43:37 -0400	Add growth-ready fog clearing rule
ce862ba	2026-05-18 04:42:10 -0400	Add fog clearing clarity rule
ab9d524	2026-05-18 04:32:43 -0400	Clarify anchor current lane sync receipt
3de1f56	2026-05-18 04:29:57 -0400	Sync anchor current lane state
b1fc494	2026-05-18 04:01:45 -0400	Save anchor current truth sync candidate judgment
58cd363	2026-05-18 03:21:19 -0400	Clean Mr.Kleen PowerShell save gate proof
d06bd8d	2026-05-18 03:20:06 -0400	Fix Mr.Kleen PowerShell save gate wording
ff6b4a9	2026-05-18 03:00:02 -0400	Place Main Boss 02 review and runtime support notes
190c3d5	2026-05-18 02:42:14 -0400	Inspect lifecycle state machine boss
ee2f4e4	2026-05-18 02:34:27 -0400	Add mule lifecycle dry inspection handoff
28d6345	2026-05-18 02:27:47 -0400	Close anchor truth alignment boss
3aadc85	2026-05-18 02:21:03 -0400	Update anchor after anchor sync replay
c5dfe0a	2026-05-18 02:05:54 -0400	Lock anchor sync check
7d048b2	2026-05-18 02:01:38 -0400	Repair active anchor for anchor sync boss
9cfc374	2026-05-18 01:49:38 -0400	Lock sort-before-judgment boss map
ec6c729	2026-05-18 01:38:24 -0400	Lock recursive boss list receipt
613257e	2026-05-18 01:36:35 -0400	Lock recursive self-balancing boss list
1658696	2026-05-18 00:44:38 -0400	Walk runtime kernel status output rule
d082bb3	2026-05-18 00:43:46 -0400	Define runtime kernel status output rule
aff11cb	2026-05-18 00:00:48 -0400	Repair ledger proof authority boundary
05ed739	2026-05-17 23:38:56 -0400	Adopt capture hunt helpers and store source ore
33418c6	2026-05-17 23:37:19 -0400	Adopt capture hunt helpers and store source ore
6c0efb4	2026-05-17 23:15:30 -0400	Fight leashed boss cycle for learning map proof hygiene and boss template
5a4a1b4	2026-05-17 23:11:58 -0400	Add long idea intake safe routing learning rule
70e889a	2026-05-17 23:09:19 -0400	Add full stack adoption pass learning rule
e38831e	2026-05-17 23:06:51 -0400	Add pattern adoption clean copy learning rule
e9e0e0a	2026-05-17 23:03:05 -0400	Add copy continuity and stacked boss flow to learning rule
05b1c4d	2026-05-17 23:00:16 -0400	Remove local only preface from dual save learning rule
5773cf3	2026-05-17 22:55:20 -0400	Lock brain language learning rule
bf4435a	2026-05-17 22:52:06 -0400	Lock proof receipt for master pile neighbor map drop-in
0c259c0	2026-05-17 22:25:04 -0400	Install boss cycle leash rule
756437a	2026-05-17 22:17:00 -0400	Sync AGENTS with active anchor
a3eca0f	2026-05-17 22:12:03 -0400	Adopt one-runner PowerShell lock save workflow
eea34b1	2026-05-17 22:06:56 -0400	Adopt active anchor and adopt gate
443bd08	2026-05-17 21:10:27 -0400	Add adaptation pattern loop flow rule
18afa86	2026-05-17 20:59:39 -0400	Expand recursive growth discovery guide
071d591	2026-05-17 20:47:58 -0400	Add recursive house worksheet and flow system
e4c36b3	2026-05-17 20:37:36 -0400	Add clean brain language file wording rule
b6bd71a	2026-05-17 20:23:11 -0400	Add real lock save not chat rule
c55ec1a	2026-05-17 20:20:18 -0400	Add note processing and parking system
5f65cb7	2026-05-17 20:16:05 -0400	Add default dual lock save rule
54ec022	2026-05-17 20:09:41 -0400	Add Mr Kleen local bridge rule
18e2296	2026-05-17 19:29:07 -0400	Lock current home truth clarity
858e441	2026-05-17 19:22:11 -0400	Capture repeated failed-proof containment lesson
97dc097	2026-05-17 19:12:14 -0400	Fix repo home front door language
00cb5f5	2026-05-17 19:11:31 -0400	Place home and public language roles
51b5be1	2026-05-17 18:53:51 -0400	Add assistant home model operating card
e8dca08	2026-05-17 17:32:41 -0400	Add current home deep scan
3cfb1dc	2026-05-17 16:53:52 -0400	Deep clean workshop home
36c3242	2026-05-17 16:17:09 -0400	Sync repo home path
b7d2a84	2026-05-17 15:59:15 -0400	Save mule tool judgment handoff packet
3ea2f76	2026-05-17 06:43:06 -0400	Install state transfer shelf not carry rule
f1c8683	2026-05-17 05:22:35 -0400	Save police freeze big boss triage luggage unload
a2f6d6a	2026-05-17 04:26:52 -0400	Lock agent preflight and interruption rule fixes
285a9f2	2026-05-17 04:00:42 -0400	Add mule start here autonomy research rules
c340fe6	2026-05-17 03:57:20 -0400	Add mule deep research autonomy chain prompt
b659165	2026-05-17 02:34:17 -0400	Lock route maps and parking model deck
bea4e3b	2026-05-17 00:49:19 -0400	Add child gold and office map rules
e7b6c0e	2026-05-17 00:37:07 -0400	Add adoption safety and root fix rules
2c755d9	2026-05-17 00:17:05 -0400	Add digest transfer and message parking rules
72b764b	2026-05-16 23:08:34 -0400	Publish Joji 88 tournament handoff and instruction intake rule
a1a9acc	2026-05-16 19:05:54 -0400	Publish recovered whale digest and incident rule
1622df4	2026-05-16 16:00:48 -0400	Add run evidence report 012 and central parking engine
